<?xml version="1.0" encoding="UTF-8"?>
<beans xmlns="http://www.springframework.org/schema/beans"
    xmlns:xsi="http://www.w3.org/2001/XMLSchema-instance"
    xmlns:p="http://www.springframework.org/schema/p"
    xmlns:context="http://www.springframework.org/schema/context"
    xsi:schemaLocation="
        http://www.springframework.org/schema/beans
        https://www.springframework.org/schema/beans/spring-beans.xsd
        http://www.springframework.org/schema/context
        https://www.springframework.org/schema/context/spring-context.xsd">

<!-- <context:annotation-config></context:annotation-config> -->
    <context:component-scan base-package="com.cjc"/>

	 <bean id="viewResolver" class="org.springframework.web.servlet.view.InternalResourceViewResolver">
	    <property name="suffix" value=".jsp"></property>
	    <property name="prefix" value="/JSP/"></property>
	 </bean>
 </beans>